side,sha,phase,audit_request_id,http_status,client_success,arm_request_count,arm_status,error
base,0594dd7caf9dca8e4236c399c3a07736f74cd8a2,recovery,bf3a5a12-825a-49c7-a42a-b0c0dece6261,200,True,1,200,
base,0594dd7caf9dca8e4236c399c3a07736f74cd8a2,recovery,e7d9cad8-c451-4be8-81bd-ca8bee042a83,200,True,1,200,
base,0594dd7caf9dca8e4236c399c3a07736f74cd8a2,recovery,07a7efda-b0fa-4081-bcbb-cc0bb8209f50,200,True,1,200,
base,0594dd7caf9dca8e4236c399c3a07736f74cd8a2,recovery,fb41ec1e-4538-4fcb-bbe8-82b0efae0dfe,200,True,1,200,
base,0594dd7caf9dca8e4236c399c3a07736f74cd8a2,recovery,5dd95f32-9170-4c1a-9638-29489bf20e09,200,True,1,200,
base,0594dd7caf9dca8e4236c399c3a07736f74cd8a2,recovery,ea92dec8-cf7d-44c4-9772-97e9caf92567,200,True,1,200,
base,0594dd7caf9dca8e4236c399c3a07736f74cd8a2,recovery,2684563a-3e2b-48ae-bee2-d7fe731b974c,200,True,1,200,
base,0594dd7caf9dca8e4236c399c3a07736f74cd8a2,recovery,fd09ca4e-4c4d-47ce-aef4-3f4b712c48e0,200,True,1,200,
base,0594dd7caf9dca8e4236c399c3a07736f74cd8a2,recovery,0bb13dde-69af-469c-99ed-1e2f89725105,200,True,1,200,
base,0594dd7caf9dca8e4236c399c3a07736f74cd8a2,recovery,f302a528-1541-4ade-bc4b-8461d43b5e8a,200,True,1,200,
base,0594dd7caf9dca8e4236c399c3a07736f74cd8a2,recovery,1f3c9592-a0bb-4200-8ee2-92425325d680,200,True,1,200,
base,0594dd7caf9dca8e4236c399c3a07736f74cd8a2,recovery,f783ef28-9aed-4e80-a5a9-0e49d8984c18,200,True,1,200,
base,0594dd7caf9dca8e4236c399c3a07736f74cd8a2,recovery,aec49330-0564-4ebf-a312-ff6fc15ae136,200,True,1,200,
base,0594dd7caf9dca8e4236c399c3a07736f74cd8a2,recovery,0583db9e-a9d5-43d1-b1ac-55b49611dd1c,200,True,1,200,
base,0594dd7caf9dca8e4236c399c3a07736f74cd8a2,recovery,5bf276b2-250d-4c9c-8b83-1d8c57761589,200,True,1,200,
base,0594dd7caf9dca8e4236c399c3a07736f74cd8a2,recovery,ea6c5ba0-5bb4-4b5f-8b2d-ea34c1079562,200,True,1,200,
base,0594dd7caf9dca8e4236c399c3a07736f74cd8a2,recovery,6564d89c-22ad-4c63-aa12-6e909eaba749,200,True,1,200,
base,0594dd7caf9dca8e4236c399c3a07736f74cd8a2,recovery,89be389f-8736-4e61-b579-8ef5a99b6ef2,200,True,1,200,
base,0594dd7caf9dca8e4236c399c3a07736f74cd8a2,recovery,540f2cee-6e84-4b9d-9dd8-50be8270dc8c,200,True,1,200,
base,0594dd7caf9dca8e4236c399c3a07736f74cd8a2,recovery,d41a3eda-d335-4e91-94b0-a595814221fb,200,True,1,200,
head,7743ba647f18e5520fbde87bf12ffa991d48eb87,recovery,df8f4d4d-7d67-42d9-8c89-5033ea6b703d,200,True,1,200,
head,7743ba647f18e5520fbde87bf12ffa991d48eb87,recovery,ab11d778-ed83-4bae-a89a-cc08a4e90703,200,True,1,200,
head,7743ba647f18e5520fbde87bf12ffa991d48eb87,recovery,fff62aa4-da34-49e4-8dec-4e7a491d480b,200,True,1,200,
head,7743ba647f18e5520fbde87bf12ffa991d48eb87,recovery,8f5e67d9-5eb9-4d28-ac44-036cccbfb111,200,True,1,200,
head,7743ba647f18e5520fbde87bf12ffa991d48eb87,recovery,63e0c25d-8f71-4530-9bc3-87c82cfc47e5,200,True,1,200,
head,7743ba647f18e5520fbde87bf12ffa991d48eb87,recovery,fdd5a290-0f56-48e4-be9f-809fb7033ead,200,True,1,200,
head,7743ba647f18e5520fbde87bf12ffa991d48eb87,recovery,279f057b-f2d0-4980-8e8d-fb456d445983,200,True,1,200,
head,7743ba647f18e5520fbde87bf12ffa991d48eb87,recovery,9d400897-cb46-4f89-9da2-a670398ce504,200,True,1,200,
head,7743ba647f18e5520fbde87bf12ffa991d48eb87,recovery,93843324-a0e4-418f-9a4a-5a826f30a80b,200,True,1,200,
head,7743ba647f18e5520fbde87bf12ffa991d48eb87,recovery,8a773847-94e0-4705-a0ba-0e4c49475173,200,True,1,200,
head,7743ba647f18e5520fbde87bf12ffa991d48eb87,recovery,4befed54-be1c-4ffc-b578-574b8c57f187,200,True,1,200,
head,7743ba647f18e5520fbde87bf12ffa991d48eb87,recovery,7026bcc4-169f-48de-bf62-ed2680b871ca,200,True,1,200,
head,7743ba647f18e5520fbde87bf12ffa991d48eb87,recovery,cbd885d8-c409-4902-b9e9-8e866cd0d5e6,200,True,1,200,
head,7743ba647f18e5520fbde87bf12ffa991d48eb87,recovery,4d982401-cb06-4742-9c72-90f1650010fd,200,True,1,200,
head,7743ba647f18e5520fbde87bf12ffa991d48eb87,recovery,af99b330-b01b-4ace-9346-6f7ab12d98de,200,True,1,200,
head,7743ba647f18e5520fbde87bf12ffa991d48eb87,recovery,39097b1e-73b0-4bed-9b5c-5b2fa375a18e,200,True,1,200,
head,7743ba647f18e5520fbde87bf12ffa991d48eb87,recovery,5ad026b8-ec3b-4b22-ad99-31948fb0f663,200,True,1,200,
head,7743ba647f18e5520fbde87bf12ffa991d48eb87,recovery,c7571fa5-640f-44c5-94cd-802d2480b98e,200,True,1,200,
head,7743ba647f18e5520fbde87bf12ffa991d48eb87,recovery,3d6dcd52-ca01-4a2d-9d20-4871e3704171,200,True,1,200,
head,7743ba647f18e5520fbde87bf12ffa991d48eb87,recovery,103b87c9-8688-42d2-8434-9c540a1539ee,200,True,1,200,
head,7743ba647f18e5520fbde87bf12ffa991d48eb87,destination-outage,8da920ef-2e97-48d2-b326-f13626952ce4,200,False,1,200,MCP isError:true
head,7743ba647f18e5520fbde87bf12ffa991d48eb87,destination-outage,ce1e2da4-915e-42c5-a4de-28c745572ec3,200,False,1,200,MCP isError:true
head,7743ba647f18e5520fbde87bf12ffa991d48eb87,destination-outage,1f69e3c6-78d1-4a8d-8e11-661df46f4a7b,200,True,1,200,
head,7743ba647f18e5520fbde87bf12ffa991d48eb87,destination-outage,db8e4a45-a665-4685-a662-aa7bc01cc915,200,False,1,200,MCP isError:true
head,7743ba647f18e5520fbde87bf12ffa991d48eb87,destination-outage,7ed09e8f-9ba5-4bd2-9083-26fd0b1c25df,200,True,1,200,
head,7743ba647f18e5520fbde87bf12ffa991d48eb87,destination-outage,c8584f74-58b2-401a-83e5-b237a723cd50,200,False,1,200,MCP isError:true
head,7743ba647f18e5520fbde87bf12ffa991d48eb87,destination-outage,1dc86222-6c70-4fff-abeb-03d815bc6f38,200,True,1,200,
head,7743ba647f18e5520fbde87bf12ffa991d48eb87,destination-outage,f08c0388-d4e2-404b-b258-4ac8e8877dc3,200,False,1,200,MCP isError:true
head,7743ba647f18e5520fbde87bf12ffa991d48eb87,destination-outage,92b8154a-5194-431d-aa19-af17ca2123eb,200,True,1,200,
head,7743ba647f18e5520fbde87bf12ffa991d48eb87,destination-outage,3d81880c-7c86-4316-a0cd-3c421377f341,200,False,1,200,MCP isError:true
head,7743ba647f18e5520fbde87bf12ffa991d48eb87,destination-outage,52f20830-0306-4302-8939-9f5cf2b191a7,200,False,1,200,MCP isError:true
head,7743ba647f18e5520fbde87bf12ffa991d48eb87,destination-outage,f6f10ca2-8d06-4aaa-8cc4-33a953aea0df,200,False,1,200,MCP isError:true
head,7743ba647f18e5520fbde87bf12ffa991d48eb87,destination-outage,4fea2c93-1b44-4a59-b227-e58c2806f376,200,False,1,200,MCP isError:true
head,7743ba647f18e5520fbde87bf12ffa991d48eb87,destination-outage,9a36ddf4-6c88-4352-9b59-0604895ba1a8,200,False,1,200,MCP isError:true
head,7743ba647f18e5520fbde87bf12ffa991d48eb87,destination-outage,5396b9a3-a6ef-4211-aa1c-1a1e8cd58738,200,False,1,200,MCP isError:true
head,7743ba647f18e5520fbde87bf12ffa991d48eb87,destination-outage,29ce78b4-db0e-411a-b07b-1300103c48e8,200,False,1,200,MCP isError:true
head,7743ba647f18e5520fbde87bf12ffa991d48eb87,destination-outage,dffc34dc-176f-4c69-a074-99cd36903e78,200,False,1,200,MCP isError:true
head,7743ba647f18e5520fbde87bf12ffa991d48eb87,destination-outage,5bf60b48-5cf5-4660-a62e-0ea56d3ee535,200,False,1,200,MCP isError:true
head,7743ba647f18e5520fbde87bf12ffa991d48eb87,destination-outage,1ccdcc5a-75cc-4266-9c2a-b6b07e7babdf,200,False,1,200,MCP isError:true
head,7743ba647f18e5520fbde87bf12ffa991d48eb87,destination-outage,aca53676-f44d-455b-ba14-7cfd0b6b80be,200,False,1,200,MCP isError:true
head,7743ba647f18e5520fbde87bf12ffa991d48eb87,destination-recovery,8a5bfda2-fa69-4224-a823-e1e0f0f5f1e7,200,True,1,200,
head,7743ba647f18e5520fbde87bf12ffa991d48eb87,destination-recovery,8dd6bb57-600d-4a84-ab0e-4702f85854ba,200,True,1,200,
head,7743ba647f18e5520fbde87bf12ffa991d48eb87,destination-recovery,2eabe812-0152-4937-879d-93bcce31cb58,200,True,1,200,
head,7743ba647f18e5520fbde87bf12ffa991d48eb87,destination-recovery,4786b919-db39-490f-a58f-a14f61e25dea,200,True,1,200,
head,7743ba647f18e5520fbde87bf12ffa991d48eb87,destination-recovery,8a59d8b2-ba15-4436-86b6-846bdb5703c8,200,True,1,200,
head,7743ba647f18e5520fbde87bf12ffa991d48eb87,destination-recovery,b2463b00-987a-44dc-8e65-bbb9fb8260af,200,True,1,200,
head,7743ba647f18e5520fbde87bf12ffa991d48eb87,destination-recovery,864e338f-7bd9-42f4-b1e6-e8216de534ab,200,True,1,200,
head,7743ba647f18e5520fbde87bf12ffa991d48eb87,destination-recovery,917d35ad-4833-4c7e-8535-7579d122106d,200,True,1,200,
head,7743ba647f18e5520fbde87bf12ffa991d48eb87,destination-recovery,2d36c020-1da3-42b3-888f-266b98b05a4b,200,True,1,200,
head,7743ba647f18e5520fbde87bf12ffa991d48eb87,destination-recovery,4bd104f0-b840-4d85-ba8c-f11107193a6e,200,True,1,200,
head,7743ba647f18e5520fbde87bf12ffa991d48eb87,destination-recovery,3cf90284-05bb-4964-b223-99986321d202,200,True,1,200,
head,7743ba647f18e5520fbde87bf12ffa991d48eb87,destination-recovery,34d087d6-7be2-4927-87b5-efa420183f6d,200,True,1,200,
head,7743ba647f18e5520fbde87bf12ffa991d48eb87,destination-recovery,aaa1b348-0a42-4b4b-a2e7-d218be484855,200,True,1,200,
head,7743ba647f18e5520fbde87bf12ffa991d48eb87,destination-recovery,ccb2a9dd-ca7a-4e2e-b440-711a5fb62b7d,200,True,1,200,
head,7743ba647f18e5520fbde87bf12ffa991d48eb87,destination-recovery,7799b59a-52c5-4550-92af-192453537ab7,200,True,1,200,
head,7743ba647f18e5520fbde87bf12ffa991d48eb87,destination-recovery,7b010d36-7565-4290-89ad-3d6d120384b0,200,True,1,200,
head,7743ba647f18e5520fbde87bf12ffa991d48eb87,destination-recovery,f015e022-f3e2-40da-83d5-fb020b30cdc2,200,True,1,200,
head,7743ba647f18e5520fbde87bf12ffa991d48eb87,destination-recovery,0930b5eb-561a-453e-a174-e87997b1f4f3,200,True,1,200,
head,7743ba647f18e5520fbde87bf12ffa991d48eb87,destination-recovery,e99d39ae-a8f0-4e30-93ee-98134d711c32,200,True,1,200,
head,7743ba647f18e5520fbde87bf12ffa991d48eb87,destination-recovery,3f49b7ba-029a-4626-a1c9-f0768fecaa54,200,True,1,200,
base,0594dd7caf9dca8e4236c399c3a07736f74cd8a2,destination-outage,64db65ce-4477-49e6-bb74-e8bd21bbe8b3,200,False,1,200,MCP isError:true
base,0594dd7caf9dca8e4236c399c3a07736f74cd8a2,destination-outage,c41ba612-f323-4a0a-8d8c-91c32a2dec87,200,False,1,200,MCP isError:true
base,0594dd7caf9dca8e4236c399c3a07736f74cd8a2,destination-outage,6eceeae9-9daf-4e60-af22-581e349d1e68,200,False,1,200,MCP isError:true
base,0594dd7caf9dca8e4236c399c3a07736f74cd8a2,destination-outage,3737c6f0-e8a9-4483-93ab-643fbc09c874,200,False,1,200,MCP isError:true
base,0594dd7caf9dca8e4236c399c3a07736f74cd8a2,destination-outage,515b18e7-ee4f-4d6f-98c8-98479004a0f0,200,False,1,200,MCP isError:true
base,0594dd7caf9dca8e4236c399c3a07736f74cd8a2,destination-outage,f877abc1-1bcc-40c1-9507-fddc65cce1ca,200,False,1,200,MCP isError:true
base,0594dd7caf9dca8e4236c399c3a07736f74cd8a2,destination-outage,00d99747-ed6c-49c3-90f3-230715ba6934,200,False,1,200,MCP isError:true
base,0594dd7caf9dca8e4236c399c3a07736f74cd8a2,destination-outage,25321d9f-0f7d-474c-bb84-7a7d0a9c1f47,200,False,1,200,MCP isError:true
base,0594dd7caf9dca8e4236c399c3a07736f74cd8a2,destination-outage,f3bdc3b2-9442-4fdf-88e0-3e9c944efb12,200,False,1,200,MCP isError:true
base,0594dd7caf9dca8e4236c399c3a07736f74cd8a2,destination-outage,057d28ae-2468-4ed3-b3c0-40863db162ba,200,False,1,200,MCP isError:true
base,0594dd7caf9dca8e4236c399c3a07736f74cd8a2,destination-outage,05665658-0724-4df4-9f09-6d15d1b0424a,200,False,1,200,MCP isError:true
base,0594dd7caf9dca8e4236c399c3a07736f74cd8a2,destination-outage,a7b86ce3-7413-4009-81e7-3393c6a82e2f,200,False,1,200,MCP isError:true
base,0594dd7caf9dca8e4236c399c3a07736f74cd8a2,destination-outage,b0817a84-bd0c-4730-a016-6403db66cb3c,200,False,1,200,MCP isError:true
base,0594dd7caf9dca8e4236c399c3a07736f74cd8a2,destination-outage,0e28d321-fc39-48ce-a96a-f42ffe4a6d2f,200,False,1,200,MCP isError:true
base,0594dd7caf9dca8e4236c399c3a07736f74cd8a2,destination-outage,c0b29997-f16d-461f-a6d8-0a61912330a5,200,False,1,200,MCP isError:true
base,0594dd7caf9dca8e4236c399c3a07736f74cd8a2,destination-outage,badba644-4d68-4e84-91da-43d108df7be8,200,False,1,200,MCP isError:true
base,0594dd7caf9dca8e4236c399c3a07736f74cd8a2,destination-outage,26c05b32-55f5-4c6b-baf0-6aa39c0da311,200,False,1,200,MCP isError:true
base,0594dd7caf9dca8e4236c399c3a07736f74cd8a2,destination-outage,9f42ac3d-3099-4981-b43e-8271413c80c9,200,False,1,200,MCP isError:true
base,0594dd7caf9dca8e4236c399c3a07736f74cd8a2,destination-outage,d6126afc-8916-4193-bef1-6de2551eff2f,200,False,1,200,MCP isError:true
base,0594dd7caf9dca8e4236c399c3a07736f74cd8a2,destination-outage,e4192d00-3327-4474-bb2f-68a94a45d21a,200,False,1,200,MCP isError:true
base,0594dd7caf9dca8e4236c399c3a07736f74cd8a2,destination-recovery,6daa2e92-1c4f-4b08-8381-aeea6ba26eb1,200,True,1,200,
base,0594dd7caf9dca8e4236c399c3a07736f74cd8a2,destination-recovery,d3a7fcda-b2df-4066-9cea-b6cc4e7f2ef6,200,True,1,200,
base,0594dd7caf9dca8e4236c399c3a07736f74cd8a2,destination-recovery,45894062-0bee-4f43-9936-49cfbf48e39d,200,True,1,200,
base,0594dd7caf9dca8e4236c399c3a07736f74cd8a2,destination-recovery,89c2d22b-84db-44c8-b8bc-50b5b25abe37,200,True,1,200,
base,0594dd7caf9dca8e4236c399c3a07736f74cd8a2,destination-recovery,2a6ef458-d3e4-4751-b352-1c3ab311c567,200,True,1,200,
base,0594dd7caf9dca8e4236c399c3a07736f74cd8a2,destination-recovery,dc90e11a-04ac-4ef0-8b6d-7dc1f18fae0b,200,True,1,200,
base,0594dd7caf9dca8e4236c399c3a07736f74cd8a2,destination-recovery,5a3f0abd-3456-48f0-9391-d0c1dda38ec1,200,True,1,200,
base,0594dd7caf9dca8e4236c399c3a07736f74cd8a2,destination-recovery,0931b6f9-f2b5-47d3-9e0d-7f16781f9824,200,True,1,200,
base,0594dd7caf9dca8e4236c399c3a07736f74cd8a2,destination-recovery,12608d40-cca5-46eb-b753-64a099d3f909,200,True,1,200,
base,0594dd7caf9dca8e4236c399c3a07736f74cd8a2,destination-recovery,a798e022-0bbd-4fba-b352-8cdbac6fc95e,200,True,1,200,
base,0594dd7caf9dca8e4236c399c3a07736f74cd8a2,destination-recovery,b2d09cbb-18a4-4ed1-8ae9-ccc850d6b8cb,200,True,1,200,
base,0594dd7caf9dca8e4236c399c3a07736f74cd8a2,destination-recovery,eb775075-aaea-445e-b9b9-3d31d87844c0,200,True,1,200,
base,0594dd7caf9dca8e4236c399c3a07736f74cd8a2,destination-recovery,678c3929-7ce7-4ec8-a22f-52248570945a,200,True,1,200,
base,0594dd7caf9dca8e4236c399c3a07736f74cd8a2,destination-recovery,fd97f4d7-7799-4089-bf41-9ea127e64b40,200,True,1,200,
base,0594dd7caf9dca8e4236c399c3a07736f74cd8a2,destination-recovery,4ce05ef5-bb5c-4ad1-85c3-c47822ca3ee8,200,True,1,200,
base,0594dd7caf9dca8e4236c399c3a07736f74cd8a2,destination-recovery,4962cc65-515f-4e5f-9614-48a129f1516c,200,True,1,200,
base,0594dd7caf9dca8e4236c399c3a07736f74cd8a2,destination-recovery,d1da38f8-363f-4f57-b50d-d7cc231cce47,200,True,1,200,
base,0594dd7caf9dca8e4236c399c3a07736f74cd8a2,destination-recovery,888e6630-f882-4af4-ab14-613d890ef818,200,True,1,200,
base,0594dd7caf9dca8e4236c399c3a07736f74cd8a2,destination-recovery,6c2477a1-8595-48ca-94f2-90dc04f7ecdf,200,True,1,200,
base,0594dd7caf9dca8e4236c399c3a07736f74cd8a2,destination-recovery,077b85c3-91f4-4d27-b179-fd124f2c32a5,200,True,1,200,
base,0594dd7caf9dca8e4236c399c3a07736f74cd8a2,slow-destination,60b7a518-9a36-456b-868e-5c96b6d45cd1,200,True,1,200,
base,0594dd7caf9dca8e4236c399c3a07736f74cd8a2,slow-destination,145487bc-4add-465f-b1d9-50f6d9fa9645,200,True,1,200,
base,0594dd7caf9dca8e4236c399c3a07736f74cd8a2,slow-destination,a7e5849f-dc98-4825-bf76-3f29c46e5a76,200,True,1,200,
base,0594dd7caf9dca8e4236c399c3a07736f74cd8a2,slow-destination,e66de480-2e6c-4e1c-a0d0-c67cc95f9233,200,True,1,200,
base,0594dd7caf9dca8e4236c399c3a07736f74cd8a2,slow-destination,ae7c28cc-8d76-4009-85d6-73cbfb42cc2d,200,True,1,200,
base,0594dd7caf9dca8e4236c399c3a07736f74cd8a2,slow-destination,ff852b13-8d48-4978-85d7-a47ae3e587bf,200,True,1,200,
base,0594dd7caf9dca8e4236c399c3a07736f74cd8a2,slow-destination,bb95c2c4-395f-4c4e-95c9-d35ac27a9590,200,True,1,200,
base,0594dd7caf9dca8e4236c399c3a07736f74cd8a2,slow-destination,a4765750-6b2d-49bd-aa2e-3d636976b5dd,200,True,1,200,
base,0594dd7caf9dca8e4236c399c3a07736f74cd8a2,slow-destination,0daf586a-35aa-48f7-9eeb-3327cbadea36,200,True,1,200,
base,0594dd7caf9dca8e4236c399c3a07736f74cd8a2,slow-destination,9175808f-2893-408d-971a-3b3ef4a7eac0,200,True,1,200,
base,0594dd7caf9dca8e4236c399c3a07736f74cd8a2,slow-destination,79c0c33f-7900-4a37-9e4e-88c2bea1e926,200,True,1,200,
base,0594dd7caf9dca8e4236c399c3a07736f74cd8a2,slow-destination,47f564e1-79b6-4894-8ff8-0c31093d43ed,200,True,1,200,
base,0594dd7caf9dca8e4236c399c3a07736f74cd8a2,slow-destination,04a70da4-521e-4e4d-a08e-b233e0f2462f,200,True,1,200,
base,0594dd7caf9dca8e4236c399c3a07736f74cd8a2,slow-destination,0de9dac1-fb35-4423-8f3f-829ecc16ae9d,200,True,1,200,
base,0594dd7caf9dca8e4236c399c3a07736f74cd8a2,slow-destination,3d4479c6-8b4c-4d96-b6d0-527d5bcc5ebe,200,True,1,200,
base,0594dd7caf9dca8e4236c399c3a07736f74cd8a2,slow-destination,6e93b30c-8a14-455a-a4e1-b78d5a7725b3,200,True,1,200,
base,0594dd7caf9dca8e4236c399c3a07736f74cd8a2,slow-destination,4bc6e5ed-de0a-425b-90d3-f7ee33f84697,200,True,1,200,
base,0594dd7caf9dca8e4236c399c3a07736f74cd8a2,slow-destination,cc096aec-8e67-4726-af1b-84550fc32bc0,200,True,1,200,
base,0594dd7caf9dca8e4236c399c3a07736f74cd8a2,slow-destination,7ddbbe28-3dc2-4d70-aa5e-67a907b033f3,200,True,1,200,
base,0594dd7caf9dca8e4236c399c3a07736f74cd8a2,slow-destination,3b813195-617f-4793-a9df-2d7f5a5b463c,200,True,1,200,
head,7743ba647f18e5520fbde87bf12ffa991d48eb87,slow-destination,c3a58a16-9afb-4bd9-8166-0f4c6b41a57d,200,True,1,200,
head,7743ba647f18e5520fbde87bf12ffa991d48eb87,slow-destination,03ce294a-825c-4634-8de1-1f0fb6306296,200,True,1,200,
head,7743ba647f18e5520fbde87bf12ffa991d48eb87,slow-destination,a4c38859-b6d2-4d8e-8d1e-e24c2bf5590c,200,True,1,200,
head,7743ba647f18e5520fbde87bf12ffa991d48eb87,slow-destination,a9683659-88b7-41e6-8fb4-96c68b29659b,200,True,1,200,
head,7743ba647f18e5520fbde87bf12ffa991d48eb87,slow-destination,eb1f3fa3-30da-44eb-910d-ca5c30bc7f6a,200,True,1,200,
head,7743ba647f18e5520fbde87bf12ffa991d48eb87,slow-destination,a2dd3114-b815-4c27-b40f-b0eb973c7b0d,200,True,1,200,
head,7743ba647f18e5520fbde87bf12ffa991d48eb87,slow-destination,1e8d6681-3ff5-4aaa-ab0b-e1cf3fc1cb19,200,True,1,200,
head,7743ba647f18e5520fbde87bf12ffa991d48eb87,slow-destination,6262c5db-3599-4a14-8998-9c68eef64ad7,200,True,1,200,
head,7743ba647f18e5520fbde87bf12ffa991d48eb87,slow-destination,acc7087b-06f1-4fbd-9afa-b2a9f52a474f,200,True,1,200,
head,7743ba647f18e5520fbde87bf12ffa991d48eb87,slow-destination,aa09b77c-fb61-4424-b408-042a7d5088dd,200,True,1,200,
head,7743ba647f18e5520fbde87bf12ffa991d48eb87,slow-destination,c4a9ebdb-6765-42b6-bbd9-2ec4ce735bed,200,True,1,200,
head,7743ba647f18e5520fbde87bf12ffa991d48eb87,slow-destination,0aa7d2d1-b2d4-4a1d-ae08-746a371c996c,200,True,1,200,
head,7743ba647f18e5520fbde87bf12ffa991d48eb87,slow-destination,5a2f0f71-3658-4e20-b2f7-7ad94293dc2b,200,True,1,200,
head,7743ba647f18e5520fbde87bf12ffa991d48eb87,slow-destination,44901cf0-c848-447b-a740-8af28dbdbca4,200,True,1,200,
head,7743ba647f18e5520fbde87bf12ffa991d48eb87,slow-destination,645698a3-08f2-45ed-bdb4-83c7303e8edc,200,True,1,200,
head,7743ba647f18e5520fbde87bf12ffa991d48eb87,slow-destination,d34cee42-c384-4dfe-a175-469885e1db5f,200,True,1,200,
head,7743ba647f18e5520fbde87bf12ffa991d48eb87,slow-destination,62d999b9-ef95-4cbb-9e19-134ac71024db,200,True,1,200,
head,7743ba647f18e5520fbde87bf12ffa991d48eb87,slow-destination,1b80d9cb-0936-460f-9b52-00f5d33aa471,200,True,1,200,
head,7743ba647f18e5520fbde87bf12ffa991d48eb87,slow-destination,b1a591f7-b225-47b8-88aa-85a3a777ff4b,200,True,1,200,
head,7743ba647f18e5520fbde87bf12ffa991d48eb87,slow-destination,612b0ee3-8335-4329-b2d1-17a26c8dbb6c,200,True,1,200,
head,7743ba647f18e5520fbde87bf12ffa991d48eb87,worker-loss,853361da-6130-4c3e-acbf-80e919a288bc,,False,1,200,RemoteProtocolError
head,7743ba647f18e5520fbde87bf12ffa991d48eb87,worker-loss,eba6217e-89ce-4302-9a48-ef802575b83d,200,True,1,200,
head,7743ba647f18e5520fbde87bf12ffa991d48eb87,worker-loss,2b74229b-b22b-4e79-8e31-a2edb58f123e,200,True,1,200,
head,7743ba647f18e5520fbde87bf12ffa991d48eb87,worker-loss,929b4200-e79b-46cb-8254-98d51f0734db,200,True,1,200,
head,7743ba647f18e5520fbde87bf12ffa991d48eb87,worker-loss,ca8d7231-78ce-40d0-a59e-ec5727d5044e,200,True,1,200,
head,7743ba647f18e5520fbde87bf12ffa991d48eb87,worker-loss,88012cad-aa36-471a-9576-25be39d757d8,200,True,1,200,
head,7743ba647f18e5520fbde87bf12ffa991d48eb87,worker-loss,db9c1edf-08a4-4df8-8624-176a126a0a81,200,True,1,200,
head,7743ba647f18e5520fbde87bf12ffa991d48eb87,worker-loss,4b62d687-0a6e-441c-8053-be52d36d93aa,200,True,1,200,
head,7743ba647f18e5520fbde87bf12ffa991d48eb87,worker-loss,35d7da91-c3f6-4e58-b591-3f0a263b6006,200,True,1,200,
head,7743ba647f18e5520fbde87bf12ffa991d48eb87,worker-loss,b2b95ed3-5fa0-4f53-a6f9-cb07c41bd015,200,True,1,200,
head,7743ba647f18e5520fbde87bf12ffa991d48eb87,worker-loss,583d67d1-0071-47af-b87d-74bcb979495d,200,True,1,200,
head,7743ba647f18e5520fbde87bf12ffa991d48eb87,worker-loss,4c9e328b-3671-456c-8509-61e5f91e6b73,,False,1,200,RemoteProtocolError
head,7743ba647f18e5520fbde87bf12ffa991d48eb87,worker-loss,8d179af5-299e-4aa6-90d5-9e75c881dcec,200,True,1,200,
head,7743ba647f18e5520fbde87bf12ffa991d48eb87,worker-loss,01be9c8c-7c83-4264-9175-1b2ffff7a968,200,True,1,200,
head,7743ba647f18e5520fbde87bf12ffa991d48eb87,worker-loss,1a2c42d4-f278-4a38-9c74-e5ec81c18b2e,200,True,1,200,
head,7743ba647f18e5520fbde87bf12ffa991d48eb87,worker-loss,2cb884d0-0ab2-4efe-bc7f-0105daa586fb,,False,1,200,RemoteProtocolError
head,7743ba647f18e5520fbde87bf12ffa991d48eb87,worker-loss,e517b2de-16aa-4667-be70-1224364f7ff0,200,True,1,200,
head,7743ba647f18e5520fbde87bf12ffa991d48eb87,worker-loss,da0953c2-75a8-46aa-a2cf-f1ce82939c0a,200,True,1,200,
head,7743ba647f18e5520fbde87bf12ffa991d48eb87,worker-loss,00a9d79f-d4f7-4b8a-b7ad-cb0ae1ce3a01,,False,1,200,RemoteProtocolError
head,7743ba647f18e5520fbde87bf12ffa991d48eb87,worker-loss,219589db-ac29-4d97-8f9c-b598de32f9c6,200,True,1,200,
head,7743ba647f18e5520fbde87bf12ffa991d48eb87,worker-recovery,7a7df2cc-3a54-4f26-a7f1-bcfa491678f7,200,True,1,200,
head,7743ba647f18e5520fbde87bf12ffa991d48eb87,worker-recovery,0808b95a-022b-432c-ae8c-cb09097a2e8c,200,True,1,200,
head,7743ba647f18e5520fbde87bf12ffa991d48eb87,worker-recovery,f0d318c0-e634-46e3-82b1-fbccb6d3237d,200,True,1,200,
head,7743ba647f18e5520fbde87bf12ffa991d48eb87,worker-recovery,2ffa2754-c204-4a61-8853-f0402b33f41f,200,True,1,200,
head,7743ba647f18e5520fbde87bf12ffa991d48eb87,worker-recovery,c4abcb3d-89b5-4d1b-89bb-3ef73a8c02a8,200,True,1,200,
head,7743ba647f18e5520fbde87bf12ffa991d48eb87,worker-recovery,d5eefaa8-39f5-4163-8c54-0ff84302021a,200,True,1,200,
head,7743ba647f18e5520fbde87bf12ffa991d48eb87,worker-recovery,72f2eed6-efc5-47fd-b0ff-6a886e0c61de,200,True,1,200,
head,7743ba647f18e5520fbde87bf12ffa991d48eb87,worker-recovery,c34f5d57-900f-41cc-92f0-1b46f81827c5,200,True,1,200,
head,7743ba647f18e5520fbde87bf12ffa991d48eb87,worker-recovery,a3828963-c1ca-4ad8-8bb5-455add4cb25d,200,True,1,200,
head,7743ba647f18e5520fbde87bf12ffa991d48eb87,worker-recovery,fbea3419-b1f3-4dcb-af11-a357ed856c09,200,True,1,200,
head,7743ba647f18e5520fbde87bf12ffa991d48eb87,worker-recovery,38fdf847-2cb9-4cff-abcd-824afd26ca64,200,True,1,200,
head,7743ba647f18e5520fbde87bf12ffa991d48eb87,worker-recovery,4d76a57e-eabe-4ff2-bbb8-c606f7093b61,200,True,1,200,
head,7743ba647f18e5520fbde87bf12ffa991d48eb87,worker-recovery,eaa3bc2a-0128-4c97-bd66-564c54123cc9,200,True,1,200,
head,7743ba647f18e5520fbde87bf12ffa991d48eb87,worker-recovery,55720168-f43e-4c4f-9c87-0219c02b4f56,200,True,1,200,
head,7743ba647f18e5520fbde87bf12ffa991d48eb87,worker-recovery,a36c77a2-59bf-40b1-812a-9595b9de37a3,200,True,1,200,
head,7743ba647f18e5520fbde87bf12ffa991d48eb87,worker-recovery,828abcf1-c0c2-4bed-91ff-d93e1cd1fe22,200,True,1,200,
head,7743ba647f18e5520fbde87bf12ffa991d48eb87,worker-recovery,312add23-3d7b-4adf-8919-70047a81fe86,200,True,1,200,
head,7743ba647f18e5520fbde87bf12ffa991d48eb87,worker-recovery,c52d0167-05c9-4674-96be-2ba04b078c83,200,True,1,200,
head,7743ba647f18e5520fbde87bf12ffa991d48eb87,worker-recovery,0ec42456-afa1-48ac-a2be-a12c162a5fbb,200,True,1,200,
head,7743ba647f18e5520fbde87bf12ffa991d48eb87,worker-recovery,02e30e66-d149-41f6-9b42-2c721e4c13d3,200,True,1,200,
base,0594dd7caf9dca8e4236c399c3a07736f74cd8a2,worker-loss,496bfb5c-83df-41bf-b3d1-c175f45cc9bd,200,True,1,200,
base,0594dd7caf9dca8e4236c399c3a07736f74cd8a2,worker-loss,6a98da05-202e-4af1-957c-4e2a95000067,200,True,1,200,
base,0594dd7caf9dca8e4236c399c3a07736f74cd8a2,worker-loss,e4e94b14-33f2-45c4-8aa6-839e0c0af422,,False,1,200,RemoteProtocolError
base,0594dd7caf9dca8e4236c399c3a07736f74cd8a2,worker-loss,aad4abb8-df6d-4e16-aa4a-1d084014ee42,200,True,1,200,
base,0594dd7caf9dca8e4236c399c3a07736f74cd8a2,worker-loss,a94a9e2a-088e-4a46-85f1-b40e1f623ce4,200,True,1,200,
base,0594dd7caf9dca8e4236c399c3a07736f74cd8a2,worker-loss,60beafa6-6a95-419a-b39f-f4b029715809,200,True,1,200,
base,0594dd7caf9dca8e4236c399c3a07736f74cd8a2,worker-loss,e157bf72-ce23-4700-8b78-152c41d534fc,,False,1,200,RemoteProtocolError
base,0594dd7caf9dca8e4236c399c3a07736f74cd8a2,worker-loss,25abbc83-42ab-4c21-83f8-574314c2fab3,200,True,1,200,
base,0594dd7caf9dca8e4236c399c3a07736f74cd8a2,worker-loss,7413f3f8-4ffb-4fae-939c-d1f312eb3d0f,,False,1,200,RemoteProtocolError
base,0594dd7caf9dca8e4236c399c3a07736f74cd8a2,worker-loss,19c11cd9-b865-45d0-acae-fa8df7426879,200,True,1,200,
base,0594dd7caf9dca8e4236c399c3a07736f74cd8a2,worker-loss,503559dc-021d-44c3-9a5d-dd6f6cb8805a,200,True,1,200,
base,0594dd7caf9dca8e4236c399c3a07736f74cd8a2,worker-loss,56ed8416-de05-48c2-9797-aed7dfef5ee2,200,True,1,200,
base,0594dd7caf9dca8e4236c399c3a07736f74cd8a2,worker-loss,2fbe06c0-6aba-49a4-9132-797ddbe3c08d,200,True,1,200,
base,0594dd7caf9dca8e4236c399c3a07736f74cd8a2,worker-loss,5a57aeba-8bd9-4ea5-b898-2e3eb8dac255,200,True,1,200,
base,0594dd7caf9dca8e4236c399c3a07736f74cd8a2,worker-loss,9ee025c2-56f0-4eb2-b377-1ccdd944c652,200,True,1,200,
base,0594dd7caf9dca8e4236c399c3a07736f74cd8a2,worker-loss,6749ed14-9891-4074-b1bb-d38a0af8a65f,200,True,1,200,
base,0594dd7caf9dca8e4236c399c3a07736f74cd8a2,worker-loss,28536aaa-22e9-4d9e-a689-f38ac2ee6bde,,False,1,200,RemoteProtocolError
base,0594dd7caf9dca8e4236c399c3a07736f74cd8a2,worker-loss,57188935-d73d-4fc8-a5ed-fbc8da267f88,200,True,1,200,
base,0594dd7caf9dca8e4236c399c3a07736f74cd8a2,worker-loss,c98f8215-4fd6-4624-9dce-a2258fdb3def,200,True,1,200,
base,0594dd7caf9dca8e4236c399c3a07736f74cd8a2,worker-loss,0a305d6a-4d4a-417e-bef9-4eebf0a378b4,,False,1,200,RemoteProtocolError
base,0594dd7caf9dca8e4236c399c3a07736f74cd8a2,worker-recovery,1f01b316-af41-465b-a8d5-baebe7b7b1d6,200,True,1,200,
base,0594dd7caf9dca8e4236c399c3a07736f74cd8a2,worker-recovery,50bd52d1-e719-4621-baa7-1f38d421e212,200,True,1,200,
base,0594dd7caf9dca8e4236c399c3a07736f74cd8a2,worker-recovery,34a2269e-54f0-44f3-8185-8db5188b5a05,200,True,1,200,
base,0594dd7caf9dca8e4236c399c3a07736f74cd8a2,worker-recovery,ee20a6bc-c5c0-4071-bfd8-d4c0405d4082,200,True,1,200,
base,0594dd7caf9dca8e4236c399c3a07736f74cd8a2,worker-recovery,0d300cc0-c3ac-4edc-9c6f-ea21270fd8be,200,True,1,200,
base,0594dd7caf9dca8e4236c399c3a07736f74cd8a2,worker-recovery,0116bf83-0e49-4150-9385-f9a0549b1269,200,True,1,200,
base,0594dd7caf9dca8e4236c399c3a07736f74cd8a2,worker-recovery,d142a092-57aa-4ac0-8b22-fb12efe33114,200,True,1,200,
base,0594dd7caf9dca8e4236c399c3a07736f74cd8a2,worker-recovery,32270b14-5dd2-433c-88f0-f74271621248,200,True,1,200,
base,0594dd7caf9dca8e4236c399c3a07736f74cd8a2,worker-recovery,f9dde191-0e35-4296-b1af-c6c44f029ed1,200,True,1,200,
base,0594dd7caf9dca8e4236c399c3a07736f74cd8a2,worker-recovery,b60f60af-e7d4-46d4-890e-31922bf04a33,200,True,1,200,
base,0594dd7caf9dca8e4236c399c3a07736f74cd8a2,worker-recovery,b2c2daf3-03d1-4e94-a38e-c4796b13f3cd,200,True,1,200,
base,0594dd7caf9dca8e4236c399c3a07736f74cd8a2,worker-recovery,be2b61dd-fefe-497a-9a4d-442ff8e9f933,200,True,1,200,
base,0594dd7caf9dca8e4236c399c3a07736f74cd8a2,worker-recovery,3be51c76-965f-4fb8-86f8-21efc14ed5d8,200,True,1,200,
base,0594dd7caf9dca8e4236c399c3a07736f74cd8a2,worker-recovery,5721e83a-38f2-4557-9a56-ca9cc94f88dd,200,True,1,200,
base,0594dd7caf9dca8e4236c399c3a07736f74cd8a2,worker-recovery,41091efd-7a28-4f18-818d-9ba8af317127,200,True,1,200,
base,0594dd7caf9dca8e4236c399c3a07736f74cd8a2,worker-recovery,316ff785-aabe-4317-9af1-0d47b0230545,200,True,1,200,
base,0594dd7caf9dca8e4236c399c3a07736f74cd8a2,worker-recovery,3a220275-19ad-4d11-84b0-9ffd39d6a458,200,True,1,200,
base,0594dd7caf9dca8e4236c399c3a07736f74cd8a2,worker-recovery,f62b2c91-d0cd-4995-b8e4-a1b4ebf2e73f,200,True,1,200,
base,0594dd7caf9dca8e4236c399c3a07736f74cd8a2,worker-recovery,0af5a4a6-2121-4a48-90e8-19e7c1519bf9,200,True,1,200,
base,0594dd7caf9dca8e4236c399c3a07736f74cd8a2,worker-recovery,a67b5e5f-ff66-4d89-b33e-ccdd544d4de1,200,True,1,200,
base,0594dd7caf9dca8e4236c399c3a07736f74cd8a2,proxy-stop,a682c6cc-645a-4eb4-b402-7ed64ca9fbc4,200,True,1,200,
base,0594dd7caf9dca8e4236c399c3a07736f74cd8a2,proxy-stop,fc0a1c05-5019-4632-91f3-2fe2e7e42bb1,200,True,1,200,
base,0594dd7caf9dca8e4236c399c3a07736f74cd8a2,proxy-stop,32cb3e55-ad1a-44eb-9a0e-d0d7cf2a53e6,200,True,1,200,
base,0594dd7caf9dca8e4236c399c3a07736f74cd8a2,proxy-stop,f094e5fa-6d4a-44eb-9244-760e9faadad1,200,True,1,200,
base,0594dd7caf9dca8e4236c399c3a07736f74cd8a2,proxy-stop,f3f938eb-3235-412a-bf69-77d1e56902f0,200,True,1,200,
base,0594dd7caf9dca8e4236c399c3a07736f74cd8a2,proxy-stop,504ae738-eac7-437d-86f8-58a90e169dec,200,True,1,200,
base,0594dd7caf9dca8e4236c399c3a07736f74cd8a2,proxy-stop,95398293-9e1c-41a0-bee4-3fc4098df5dd,200,True,1,200,
base,0594dd7caf9dca8e4236c399c3a07736f74cd8a2,proxy-stop,9e013760-46e9-4ff5-9445-2a13078a502c,200,True,1,200,
base,0594dd7caf9dca8e4236c399c3a07736f74cd8a2,proxy-stop,41ed80da-1cb1-4c2c-8678-9a78329a65a9,200,True,1,200,
base,0594dd7caf9dca8e4236c399c3a07736f74cd8a2,proxy-stop,f3d71c13-4ceb-4f49-a94a-c5a290761301,200,True,1,200,
base,0594dd7caf9dca8e4236c399c3a07736f74cd8a2,proxy-stop,44f3d06d-175d-448f-b89b-376264e51a1c,200,True,1,200,
base,0594dd7caf9dca8e4236c399c3a07736f74cd8a2,proxy-stop,be7b11fc-fbfe-4508-bfeb-d53c6c9bda83,200,True,1,200,
base,0594dd7caf9dca8e4236c399c3a07736f74cd8a2,proxy-stop,81570b93-ad55-4045-9b0c-8af0ce4c6e3e,200,True,1,200,
base,0594dd7caf9dca8e4236c399c3a07736f74cd8a2,proxy-stop,29896efa-5b33-4be3-bb4b-ee08994f1834,200,True,1,200,
base,0594dd7caf9dca8e4236c399c3a07736f74cd8a2,proxy-stop,d889529c-61c9-491a-849f-073491694bec,200,True,1,200,
base,0594dd7caf9dca8e4236c399c3a07736f74cd8a2,proxy-stop,048ed474-06e5-488e-bba8-de9a061fd9a2,200,True,1,200,
base,0594dd7caf9dca8e4236c399c3a07736f74cd8a2,proxy-stop,21b9dde0-5a1d-42d9-a792-8bb57d77e54d,200,True,1,200,
base,0594dd7caf9dca8e4236c399c3a07736f74cd8a2,proxy-stop,94369ea2-042a-4eb9-9b06-db6ad201e3df,200,True,1,200,
base,0594dd7caf9dca8e4236c399c3a07736f74cd8a2,proxy-stop,e9ff4df5-e88e-41a3-b537-0b461866b98e,200,True,1,200,
base,0594dd7caf9dca8e4236c399c3a07736f74cd8a2,proxy-stop,fd699b60-8142-4964-8c7b-1a6631807004,200,True,1,200,
base,0594dd7caf9dca8e4236c399c3a07736f74cd8a2,proxy-recovery,06382ba1-6583-4c45-93f1-d82550ffbbfd,200,True,1,200,
base,0594dd7caf9dca8e4236c399c3a07736f74cd8a2,proxy-recovery,c2692082-5e27-4a16-af5c-9a30cdeb8557,200,True,1,200,
base,0594dd7caf9dca8e4236c399c3a07736f74cd8a2,proxy-recovery,c3e19d73-add0-47c2-932b-f3f925b7bda6,200,True,1,200,
base,0594dd7caf9dca8e4236c399c3a07736f74cd8a2,proxy-recovery,aa358e97-6808-4a69-bc52-d7dae975f664,200,True,1,200,
base,0594dd7caf9dca8e4236c399c3a07736f74cd8a2,proxy-recovery,c12ac0de-7ffc-49ab-8a65-a0f069003e08,200,True,1,200,
base,0594dd7caf9dca8e4236c399c3a07736f74cd8a2,proxy-recovery,577165bf-9a25-4fdd-9caf-c40d0ecb4bc6,200,True,1,200,
base,0594dd7caf9dca8e4236c399c3a07736f74cd8a2,proxy-recovery,de2b4b29-dd3f-444c-85ca-3a40959c7677,200,True,1,200,
base,0594dd7caf9dca8e4236c399c3a07736f74cd8a2,proxy-recovery,462c8fc8-01bc-45cf-8082-5e85a8ce518c,200,True,1,200,
base,0594dd7caf9dca8e4236c399c3a07736f74cd8a2,proxy-recovery,027f92e0-a0a9-4978-ae1e-7c1e4d3304eb,200,True,1,200,
base,0594dd7caf9dca8e4236c399c3a07736f74cd8a2,proxy-recovery,a17820c4-4b66-4dfd-9a45-5d5741f72563,200,True,1,200,
base,0594dd7caf9dca8e4236c399c3a07736f74cd8a2,proxy-recovery,2888296d-182f-42f3-87c2-17a514450927,200,True,1,200,
base,0594dd7caf9dca8e4236c399c3a07736f74cd8a2,proxy-recovery,7471c11f-01d4-40b6-a95c-8291d0c48bd4,200,True,1,200,
base,0594dd7caf9dca8e4236c399c3a07736f74cd8a2,proxy-recovery,87f590a6-b9b9-4651-b5e2-3e3d84a7f107,200,True,1,200,
base,0594dd7caf9dca8e4236c399c3a07736f74cd8a2,proxy-recovery,e7683f03-30cc-49ba-8d1c-0241a7ba136b,200,True,1,200,
base,0594dd7caf9dca8e4236c399c3a07736f74cd8a2,proxy-recovery,9609caa8-a205-4c74-982b-6b4acc0fe778,200,True,1,200,
base,0594dd7caf9dca8e4236c399c3a07736f74cd8a2,proxy-recovery,2e962e95-2925-406e-9102-8441f8084c57,200,True,1,200,
base,0594dd7caf9dca8e4236c399c3a07736f74cd8a2,proxy-recovery,f3f39766-6a49-429f-8cc9-65e195e58145,200,True,1,200,
base,0594dd7caf9dca8e4236c399c3a07736f74cd8a2,proxy-recovery,d8f69aff-a022-471f-b1ec-9c200508cda0,200,True,1,200,
base,0594dd7caf9dca8e4236c399c3a07736f74cd8a2,proxy-recovery,d4812966-e4b7-44b1-85e6-3c8733f3cc3e,200,True,1,200,
base,0594dd7caf9dca8e4236c399c3a07736f74cd8a2,proxy-recovery,67ae8c7d-e099-40f8-856a-8359b3f53d04,200,True,1,200,
head,7743ba647f18e5520fbde87bf12ffa991d48eb87,proxy-stop,710ba90d-22a4-4079-a927-7d3a443fa73f,200,True,1,200,
head,7743ba647f18e5520fbde87bf12ffa991d48eb87,proxy-stop,f49ce3bb-c46d-4003-90e2-35fdb33c9e63,200,True,1,200,
head,7743ba647f18e5520fbde87bf12ffa991d48eb87,proxy-stop,337a3796-27fd-44cd-81cc-29c2d9b1ac33,200,True,1,200,
head,7743ba647f18e5520fbde87bf12ffa991d48eb87,proxy-stop,fd67cee6-ede6-4a99-a029-97d6296a531e,200,True,1,200,
head,7743ba647f18e5520fbde87bf12ffa991d48eb87,proxy-stop,c232d39c-0ec1-4277-aa7c-93d78e8dd3e4,200,True,1,200,
head,7743ba647f18e5520fbde87bf12ffa991d48eb87,proxy-stop,6b450f10-98a0-44d2-bc00-e09c41fdf81f,200,True,1,200,
head,7743ba647f18e5520fbde87bf12ffa991d48eb87,proxy-stop,9672aff1-ca8a-4330-abb5-9ba0eebbca2b,200,True,1,200,
head,7743ba647f18e5520fbde87bf12ffa991d48eb87,proxy-stop,117fcf30-1196-48ff-ae46-1646913dd0e8,200,True,1,200,
head,7743ba647f18e5520fbde87bf12ffa991d48eb87,proxy-stop,9fec8918-69e9-4afc-992d-15df512b5916,200,True,1,200,
head,7743ba647f18e5520fbde87bf12ffa991d48eb87,proxy-stop,1265d657-40e6-4281-8e6c-16de8e579cfc,200,True,1,200,
head,7743ba647f18e5520fbde87bf12ffa991d48eb87,proxy-stop,0ea14da9-2ba8-4999-b6dd-83d14520b1d4,200,True,1,200,
head,7743ba647f18e5520fbde87bf12ffa991d48eb87,proxy-stop,dce79cfd-71fd-487b-baaa-516896122885,200,True,1,200,
head,7743ba647f18e5520fbde87bf12ffa991d48eb87,proxy-stop,d266f99d-5a13-42ca-b159-2f8052a275c5,200,True,1,200,
head,7743ba647f18e5520fbde87bf12ffa991d48eb87,proxy-stop,79325be0-5db4-4f7a-9f9a-04a74891ff67,200,True,1,200,
head,7743ba647f18e5520fbde87bf12ffa991d48eb87,proxy-stop,71f84994-32e4-4eb8-8225-a74548833f1a,200,True,1,200,
head,7743ba647f18e5520fbde87bf12ffa991d48eb87,proxy-stop,b3b289f4-5d59-41e9-aa2c-74a6ba9b2c27,200,True,1,200,
head,7743ba647f18e5520fbde87bf12ffa991d48eb87,proxy-stop,e5415932-3474-4baf-b940-0b90958c7b01,200,True,1,200,
head,7743ba647f18e5520fbde87bf12ffa991d48eb87,proxy-stop,20162269-197f-480c-b926-2f9bffecc3b0,200,True,1,200,
head,7743ba647f18e5520fbde87bf12ffa991d48eb87,proxy-stop,05a34cea-7e88-4c4b-bcb8-523c2480b17e,200,True,1,200,
head,7743ba647f18e5520fbde87bf12ffa991d48eb87,proxy-stop,6510d1af-e692-46a1-9407-04fd3fdf7d1e,200,True,1,200,
head,7743ba647f18e5520fbde87bf12ffa991d48eb87,proxy-recovery,78eaf052-06f7-4264-a1a5-69f3bbb6b750,200,True,1,200,
head,7743ba647f18e5520fbde87bf12ffa991d48eb87,proxy-recovery,7b59540b-8eed-4aba-80e2-c72401f64155,200,True,1,200,
head,7743ba647f18e5520fbde87bf12ffa991d48eb87,proxy-recovery,21d61a66-3247-4b2e-a2b0-870fb0a141db,200,True,1,200,
head,7743ba647f18e5520fbde87bf12ffa991d48eb87,proxy-recovery,bacf6d12-e20c-49c4-8f11-1ad8da52f13b,200,True,1,200,
head,7743ba647f18e5520fbde87bf12ffa991d48eb87,proxy-recovery,a01ee559-37aa-4768-81cf-e3ed4077136d,200,True,1,200,
head,7743ba647f18e5520fbde87bf12ffa991d48eb87,proxy-recovery,ba182d6f-1282-45e8-8557-0eae00734d14,200,True,1,200,
head,7743ba647f18e5520fbde87bf12ffa991d48eb87,proxy-recovery,2a32885a-b136-49ed-b4ae-67104629614a,200,True,1,200,
head,7743ba647f18e5520fbde87bf12ffa991d48eb87,proxy-recovery,d68254e8-8a87-4649-8e19-80b3e9735448,200,True,1,200,
head,7743ba647f18e5520fbde87bf12ffa991d48eb87,proxy-recovery,c4866b50-c51e-4c14-8e7d-5cdfde68f63e,200,True,1,200,
head,7743ba647f18e5520fbde87bf12ffa991d48eb87,proxy-recovery,41e06c52-a4ba-4d86-9dec-7cd7dd9e491c,200,True,1,200,
head,7743ba647f18e5520fbde87bf12ffa991d48eb87,proxy-recovery,337fe2a5-d5f4-488d-bb68-e4cd2e3c3c4a,200,True,1,200,
head,7743ba647f18e5520fbde87bf12ffa991d48eb87,proxy-recovery,5aaa5350-8ddd-43ca-a551-45b8761d2055,200,True,1,200,
head,7743ba647f18e5520fbde87bf12ffa991d48eb87,proxy-recovery,ffec794d-fd49-4dbb-b8f7-0c2501f8d143,200,True,1,200,
head,7743ba647f18e5520fbde87bf12ffa991d48eb87,proxy-recovery,66cdcbd9-7d2d-4ac7-9c82-b4a85a8cc47c,200,True,1,200,
head,7743ba647f18e5520fbde87bf12ffa991d48eb87,proxy-recovery,6c4e8277-0c9a-4e32-9746-c58f92e2c1b6,200,True,1,200,
head,7743ba647f18e5520fbde87bf12ffa991d48eb87,proxy-recovery,e98e688c-234e-491f-848c-f4ebbd7e0da8,200,True,1,200,
head,7743ba647f18e5520fbde87bf12ffa991d48eb87,proxy-recovery,12fd8ca6-9fac-462c-b693-b95d4ca60015,200,True,1,200,
head,7743ba647f18e5520fbde87bf12ffa991d48eb87,proxy-recovery,2595fdf9-e6e5-4651-ad29-55b06553d8e6,200,True,1,200,
head,7743ba647f18e5520fbde87bf12ffa991d48eb87,proxy-recovery,d80ed00a-7c6b-4d8f-a685-549552443878,200,True,1,200,
head,7743ba647f18e5520fbde87bf12ffa991d48eb87,proxy-recovery,b35e708e-1844-4a1e-8547-0d67c234ac1b,200,True,1,200,
